{
    "best_params": {
        "learning_rate": 0.0009240583599076375,
        "n_steps": 1024,
        "batch_size": 128,
        "gamma": 0.9519295593446467,
        "gae_lambda": 0.9415864692175385,
        "ent_coef": 0.018242609941109465,
        "clip_range": 0.13877550492365676
    },
    "best_value": 36.604295587539674,
    "timestamp": "20250403_194954",
    "n_trials": 20,
    "tuning_file": "models/tuning_results/ppo/tuning_results_20250403_194954.json"
}